排名,代码,名称,行业,总分,评级,股价,PE_TTM,PB,股息率%,流通市值(亿),估值分,估值状态,质量分,质量状态,股息分,股息状态,政策分,政策状态
1,600660,福耀玻璃,汽车制造,91.14,A+,51.65,15.9,3.79,6.002,1034.5,93.2,显著低估,91.6,优秀,100.0,高股息,67.3,政策受益
2,603195,公牛集团,,90.83,A+,38.89,16.85,4.62,4.886,700.1,96.9,显著低估,99.6,优秀,88.8,高股息,40.0,政策偏弱
3,600690,海尔智家,家电行业,89.28,A+,20.43,10.66,1.59,5.681,1262.3,97.7,显著低估,78.8,良好,100.0,高股息,66.8,政策受益
4,600519,贵州茅台,酿酒行业,89.2,A+,1255.79,19.28,6.25,4.139,15698.4,95.6,显著低估,92.0,优秀,90.9,高股息,49.6,政策偏弱
5,605499,东鹏饮料,,88.48,A+,113.04,16.91,4.8,4.866,764.2,98.4,显著低估,91.5,优秀,85.2,高股息,40.0,政策偏弱
6,002415,海康威视,仪器仪表,88.13,A+,33.0,18.4,3.81,5.152,2985.2,92.9,显著低估,82.5,优秀,100.0,高股息,65.6,政策受益
7,603288,海天味业,食品行业,87.59,A+,33.86,27.04,5.07,3.249,1882.6,92.5,显著低估,97.7,优秀,78.0,分红良好,49.6,政策偏弱
8,000568,泸州老窖,酿酒行业,86.88,A+,72.61,14.24,2.34,7.954,1068.2,91.0,显著低估,86.6,优秀,100.0,高股息,49.6,政策偏弱
9,600406,国电南瑞,电子信息,85.57,A+,22.86,21.86,3.61,2.747,1830.7,89.5,显著低估,88.4,优秀,70.0,分红良好,82.9,政策强受益
10,600809,山西汾酒,酿酒行业,85.55,A+,115.1,13.79,3.69,5.699,1404.2,97.5,显著低估,72.4,良好,100.0,高股息,49.6,政策偏弱
11,000651,格力电器,家电行业,84.57,A+,38.32,7.7,1.45,7.829,2112.5,86.6,显著低估,83.2,优秀,93.0,高股息,66.8,政策受益
12,000708,中信特钢,钢铁行业,81.96,A+,13.2,10.89,1.56,6.408,666.2,96.9,显著低估,64.2,一般,100.0,高股息,40.7,政策偏弱
13,002027,分众传媒,电子信息,81.87,A+,4.74,20.08,5.16,8.228,684.6,80.2,显著低估,75.0,良好,100.0,高股息,82.9,政策强受益
14,000895,双汇发展,食品行业,81.87,A+,23.66,16.11,3.92,3.381,819.6,84.1,显著低估,90.2,优秀,80.0,分红良好,49.6,政策偏弱
15,601018,宁波港,交通运输,81.54,A+,3.59,13.66,0.86,4.206,698.4,93.7,显著低估,69.4,良好,91.8,高股息,48.0,政策偏弱
16,000538,云南白药,生物制药,80.09,A+,50.89,17.39,2.32,5.15,907.9,96.1,显著低估,51.7,一般,100.0,高股息,63.5,政策中性
17,300015,爱尔眼科,医疗器械,79.63,A,7.86,28.71,3.35,2.29,625.5,86.0,显著低估,84.2,优秀,62.3,分红良好,63.5,政策中性
18,000858,五 粮 液,酿酒行业,79.35,A,70.14,20.81,2.3,7.353,2722.5,83.8,显著低估,72.3,良好,100.0,高股息,49.6,政策偏弱
19,600887,伊利股份,食品行业,78.41,A,27.32,17.07,3.22,5.051,1719.5,81.2,显著低估,73.0,良好,100.0,高股息,49.6,政策偏弱
20,002001,新 和 成,生物制药,78.34,A,26.31,11.28,2.32,3.801,799.0,85.9,显著低估,67.9,良好,86.2,高股息,63.5,政策中性
21,601318,中国平安,金融行业,77.87,A,52.67,5.99,0.94,6.987,5614.7,95.2,显著低估,50.6,一般,100.0,高股息,48.6,政策偏弱
22,600415,小商品城,商业百货,76.64,A,10.83,13.22,2.69,4.617,593.9,87.0,显著低估,59.6,一般,97.1,高股息,50.3,政策中性
23,600066,宇通客车,汽车制造,75.74,A,26.89,10.85,4.59,7.438,595.3,77.9,显著低估,63.3,一般,100.0,高股息,67.3,政策受益
24,688036,传音控股,,75.44,A,46.1,16.89,2.62,3.688,530.7,91.8,显著低估,63.4,一般,74.0,分红良好,40.0,政策偏弱
25,300760,迈瑞医疗,,75.18,A,157.6,24.29,4.9,1.897,1908.0,81.5,显著低估,90.7,优秀,48.5,分红一般,40.0,政策偏弱
26,601601,中国太保,金融行业,74.99,A,30.83,5.26,0.93,3.73,2110.3,93.1,显著低估,51.6,一般,85.1,高股息,48.6,政策偏弱
27,601336,新华保险,金融行业,74.27,A,56.12,3.95,1.42,4.865,1170.3,84.5,显著低估,55.0,一般,99.1,高股息,48.6,政策偏弱
28,002532,天山铝业,机械行业,74.16,A,12.17,8.15,1.75,6.984,499.8,81.5,显著低估,60.0,一般,86.0,高股息,65.6,政策受益
29,601766,中国中车,交通运输,73.98,A,6.22,12.82,1.01,3.698,1513.2,87.6,显著低估,56.9,一般,84.6,高股息,48.0,政策偏弱
30,600803,新奥股份,农药化肥,73.11,A,19.49,13.83,2.57,5.849,598.7,65.5,合理偏低,82.2,优秀,100.0,高股息,40.0,政策偏弱
31,600989,宝丰能源,,72.92,A,23.32,11.13,3.28,3.911,1710.1,81.0,显著低估,67.8,良好,80.8,高股息,40.0,政策偏弱
32,300274,阳光电源,电器行业,72.06,A,80.49,15.19,3.42,2.833,1277.8,85.5,显著低估,62.9,一般,71.5,分红良好,40.0,政策偏弱
33,600015,华夏银行,金融行业,71.71,B,6.31,4.0,0.31,6.656,970.9,81.9,显著低估,50.0,一般,100.0,高股息,48.6,政策偏弱
34,600050,中国联通,电子信息,71.19,B,4.27,19.3,0.78,3.829,1323.3,67.0,合理偏低,67.6,良好,83.1,高股息,82.9,政策强受益
35,600941,中国移动,,71.15,B,97.96,16.13,1.55,4.809,884.4,72.1,合理偏低,75.1,良好,81.3,高股息,40.0,政策偏弱
36,300033,同花顺,电子信息,71.01,B,191.3,39.39,19.14,2.771,838.7,67.4,合理偏低,72.8,良好,70.4,分红良好,82.9,政策强受益
37,601899,紫金矿业,有色金属,70.99,B,29.37,11.54,4.09,2.724,6050.8,74.8,合理偏低,68.6,良好,69.6,分红良好,62.9,政策中性
38,600036,招商银行,金融行业,70.96,B,41.71,6.93,0.92,4.833,8604.3,73.1,合理偏低,61.3,一般,99.0,高股息,48.6,政策偏弱
39,600999,招商证券,金融行业,70.6,B,16.86,8.24,1.18,3.654,1251.3,91.3,显著低估,40.1,较差,84.0,高股息,48.6,政策偏弱
40,000333,美的集团,家电行业,70.48,B,81.74,14.05,2.94,5.261,5628.6,53.9,估值中性,81.9,优秀,100.0,高股息,66.8,政策受益
41,002311,海大集团,农林牧渔,70.24,B,41.96,21.38,2.96,2.979,694.6,80.0,显著低估,57.3,一般,74.0,分红良好,59.4,政策中性
42,605117,德业股份,,70.22,B,76.96,22.44,8.53,3.779,979.9,79.4,显著低估,65.8,良好,71.8,分红良好,40.0,政策偏弱
43,601600,中国铝业,有色金属,70.2,B,9.02,8.85,1.83,2.993,1190.9,82.1,显著低估,61.5,一般,56.7,分红一般,62.9,政策中性
44,002050,三花智控,机械行业,69.94,B,33.94,35.73,4.46,1.532,1252.7,70.7,合理偏低,80.2,优秀,50.0,分红一般,65.6,政策受益
45,002352,顺丰控股,其它行业,69.83,B,30.77,14.44,1.67,2.99,1427.4,92.1,显著低估,44.2,较差,74.2,分红良好,40.0,政策偏弱
46,002475,立讯精密,电子器件,69.55,B,48.43,21.07,4.03,0.617,3549.8,68.9,合理偏低,79.5,良好,40.6,分红一般,86.3,政策强受益
47,300124,汇川技术,仪器仪表,69.33,B,49.85,27.62,3.67,1.003,1202.6,78.3,显著低估,69.8,良好,44.0,分红一般,65.6,政策受益
48,601390,XD中国中,建筑建材,69.19,B,4.28,5.32,0.33,5.414,869.9,81.2,显著低估,45.5,较差,100.0,高股息,40.0,政策偏弱
49,600031,三一重工,机械行业,69.02,B,17.03,17.63,1.7,2.877,1443.2,88.3,显著低估,39.7,较差,72.2,分红良好,65.6,政策受益
50,600309,万华化学,化工行业,68.9,B,69.79,13.27,1.97,2.952,2184.8,87.0,显著低估,45.7,较差,73.5,分红良好,50.1,政策中性
51,601166,兴业银行,金融行业,68.81,B,18.24,5.12,0.46,5.844,3860.1,76.4,显著低估,48.6,较差,100.0,高股息,48.6,政策偏弱
52,601628,中国人寿,金融行业,68.64,B,35.94,4.1,1.53,2.382,7484.0,88.5,显著低估,47.9,较差,63.8,分红良好,48.6,政策偏弱
53,600009,上海机场,交通运输,68.48,B,22.53,24.5,1.32,3.285,558.8,93.5,显著低估,45.0,较差,54.0,分红一般,48.0,政策偏弱
54,600233,圆通速递,服装鞋类,68.43,B,17.78,10.75,1.66,2.081,609.0,82.4,显著低估,61.3,一般,58.7,分红一般,41.6,政策偏弱
55,600900,长江电力,电力行业,68.43,B,28.9,19.53,3.27,3.46,7071.3,65.7,合理偏低,67.6,良好,81.1,高股息,64.3,政策中性
56,000001,平安银行,金融行业,68.38,B,11.78,5.26,0.49,7.173,2286.0,76.0,显著低估,47.7,较差,100.0,高股息,48.6,政策偏弱
57,000975,山金国际,,68.15,B,22.14,16.19,3.86,2.17,558.6,72.2,合理偏低,77.2,良好,56.7,分红一般,40.0,政策偏弱
58,600958,东方证券,金融行业,68.09,B,8.52,10.82,0.89,3.756,636.4,95.3,显著低估,25.0,较差,85.5,高股息,48.6,政策偏弱
59,600019,宝钢股份,钢铁行业,67.9,B,5.97,12.95,0.64,5.193,1278.4,78.5,显著低估,45.0,较差,100.0,高股息,40.7,政策偏弱
60,600585,海螺水泥,水泥行业,67.81,B,17.38,14.73,0.48,4.258,691.3,71.1,合理偏低,59.8,一般,92.4,高股息,40.0,政策偏弱
61,000933,神火股份,煤炭行业,67.57,B,26.4,8.63,2.15,3.03,593.4,66.3,合理偏低,73.5,良好,74.8,分红良好,44.8,政策偏弱
62,688111,金山办公,,67.45,B,218.99,28.17,6.74,0.571,1016.1,74.4,合理偏低,85.0,优秀,29.6,低分红,40.0,政策偏弱
63,600096,云天化,农药化肥,67.38,B,27.9,9.55,2.03,5.018,508.6,67.8,合理偏低,70.0,良好,79.0,分红良好,40.0,政策偏弱
64,601006,大秦铁路,交通运输,67.26,B,4.84,15.92,0.58,4.58,961.4,66.4,合理偏低,60.4,一般,96.6,高股息,48.0,政策偏弱
65,601816,京沪高铁,,67.14,B,4.81,17.27,1.12,2.784,2353.3,90.3,显著低估,45.0,较差,60.2,分红良好,40.0,政策偏弱
66,600926,杭州银行,,67.12,B,17.43,6.26,0.9,6.426,1263.5,63.0,合理偏低,65.9,良好,100.0,高股息,40.0,政策偏弱
67,600436,片仔癀,生物制药,66.89,B,118.19,39.41,4.88,1.328,713.1,79.7,显著低估,58.4,一般,47.7,分红一般,63.5,政策中性
68,601689,拓普集团,汽车制造,66.78,B,42.88,29.73,3.08,1.143,745.2,76.1,显著低估,66.8,良好,38.6,低分红,67.3,政策受益
69,000425,徐工机械,机械行业,66.46,B,7.18,13.62,1.35,2.786,646.1,78.9,显著低估,46.0,较差,70.7,分红良好,65.6,政策受益
70,600489,中金黄金,有色金属,66.03,B,21.48,15.79,3.2,2.132,1041.2,65.2,合理偏低,71.5,良好,59.6,分红一般,62.9,政策中性
71,000807,云铝股份,有色金属,65.67,B,26.3,8.31,2.39,2.658,912.1,70.6,合理偏低,66.5,良好,51.0,分红一般,62.9,政策中性
72,600011,华能国际,电力行业,65.63,B,7.24,9.69,1.76,5.525,796.2,87.9,显著低估,27.8,较差,75.5,分红良好,64.3,政策中性
73,600196,复星医药,生物制药,64.93,B,23.76,18.72,1.3,1.641,503.4,79.4,显著低估,50.6,一般,51.2,分红一般,63.5,政策中性
74,601633,长城汽车,汽车制造,64.93,B,13.41,19.2,1.32,2.61,833.2,79.0,显著低估,41.6,较差,67.7,分红良好,67.3,政策受益
75,002736,国信证券,金融行业,64.54,B,9.7,8.69,1.02,4.639,993.5,97.7,显著低估,3.6,较差,97.4,高股息,48.6,政策偏弱
76,600885,宏发股份,电器行业,64.16,B,32.29,25.64,3.78,1.075,499.7,58.9,合理偏低,89.8,优秀,44.8,分红一般,40.0,政策偏弱
77,601877,正泰电器,发电设备,64.0,B,25.69,10.89,1.2,2.53,552.1,82.2,显著低估,43.6,较差,66.3,分红良好,40.0,政策偏弱
78,600276,恒瑞医药,生物制药,63.93,B,47.01,40.38,4.84,0.425,2998.8,72.4,合理偏低,63.9,一般,38.8,低分红,63.5,政策中性
79,300750,宁德时代,,63.9,B,286.75,15.61,3.56,1.252,12217.3,80.3,显著低估,59.2,一般,39.8,低分红,40.0,政策偏弱
80,601211,国泰海通,,63.33,B,16.6,9.03,0.88,3.012,2232.6,90.3,显著低估,25.0,较差,74.5,分红良好,40.0,政策偏弱
81,601319,中国人保,,62.91,B,7.91,6.15,1.03,2.781,2807.9,81.7,显著低估,42.0,较差,63.6,分红良好,40.0,政策偏弱
82,600426,华鲁恒升,农药化肥,62.84,B,19.82,13.29,1.56,2.523,545.0,72.6,合理偏低,54.2,一般,66.2,分红良好,40.0,政策偏弱
83,601788,光大证券,金融行业,62.74,B,13.43,14.5,1.02,2.111,524.7,86.8,显著低估,33.2,较差,59.2,分红一般,48.6,政策偏弱
84,000166,申万宏源,金融行业,62.72,B,4.33,9.9,0.94,2.54,975.8,89.7,显著低估,25.0,较差,66.5,分红良好,48.6,政策偏弱
85,600030,中信证券,金融行业,62.72,B,25.4,10.01,1.34,2.756,3092.8,81.6,显著低估,35.3,较差,70.2,分红良好,48.6,政策偏弱
86,601888,中国中免,酒店旅游,62.63,B,50.69,25.73,1.83,1.381,989.7,79.2,显著低估,47.2,较差,48.3,分红一般,55.7,政策中性
87,600236,桂冠电力,电力行业,62.06,B,9.87,20.2,4.54,4.184,778.0,64.0,合理偏低,43.7,较差,91.5,高股息,64.3,政策中性
88,002142,宁波银行,金融行业,61.67,C,35.68,7.57,0.99,3.363,2354.7,57.8,合理偏低,62.8,一般,79.7,分红良好,48.6,政策偏弱
89,601825,沪农商行,,61.4,C,8.71,6.79,0.64,5.096,821.5,62.0,合理偏低,55.3,一般,86.0,高股息,40.0,政策偏弱
90,603993,洛阳钼业,,61.37,C,16.61,12.77,4.05,2.294,2900.2,63.5,合理偏低,64.9,一般,62.3,分红良好,40.0,政策偏弱
91,600160,巨化股份,化工行业,61.35,C,32.28,19.88,4.06,2.416,871.5,67.4,合理偏低,54.5,一般,64.4,分红良好,50.1,政策中性
92,002241,歌尔股份,电子器件,60.73,C,21.7,19.35,2.03,1.613,683.9,77.8,显著低估,31.5,较差,50.9,分红一般,86.3,政策强受益
93,600219,南山铝业,有色金属,60.29,C,4.88,12.86,1.12,8.082,560.4,50.8,估值中性,53.8,一般,100.0,高股息,62.9,政策中性
94,601688,华泰证券,金融行业,60.28,C,17.6,7.74,0.89,3.125,1286.0,84.5,显著低估,19.8,较差,76.2,分红良好,48.6,政策偏弱
95,601066,中信建投,,60.23,C,22.75,14.04,2.02,1.495,1477.8,82.3,显著低估,41.0,较差,46.1,分红一般,40.0,政策偏弱
96,600016,民生银行,金融行业,60.2,C,3.54,5.4,0.27,4.831,1255.4,73.3,合理偏低,25.0,较差,98.9,高股息,48.6,政策偏弱
97,600018,上港集团,交通运输,60.19,C,5.54,9.18,0.88,3.52,1289.6,67.8,合理偏低,41.9,较差,82.0,高股息,48.0,政策偏弱
98,601009,南京银行,金融行业,60.19,C,12.11,6.56,0.78,4.37,1497.2,53.8,估值中性,56.8,一般,93.9,高股息,48.6,政策偏弱
99,600000,浦发银行,金融行业,60.03,C,9.7,6.31,0.43,4.33,3230.7,63.2,合理偏低,42.4,较差,93.4,高股息,48.6,政策偏弱
100,600023,浙能电力,电力行业,59.96,C,5.38,13.07,0.98,6.134,721.4,62.5,合理偏低,46.9,较差,75.5,分红良好,64.3,政策中性
101,002128,电投能源,煤炭行业,59.92,C,28.15,12.29,1.67,4.618,631.0,46.8,估值中性,66.1,良好,97.1,高股息,44.8,政策偏弱
102,300059,东方财富,电子信息,59.91,C,17.28,18.75,2.78,0.579,2314.2,74.0,合理偏低,40.9,较差,40.2,分红一般,82.9,政策强受益
103,600547,山东黄金,有色金属,59.87,C,26.43,22.26,3.73,1.72,955.3,80.6,显著低估,31.6,较差,52.3,分红一般,62.9,政策中性
104,601881,中国银河,,59.82,C,11.4,9.01,1.03,3.07,825.8,91.8,显著低估,10.7,较差,75.4,分红良好,40.0,政策偏弱
105,600377,宁沪高速,公路桥梁,59.46,C,13.19,14.22,1.6,3.715,501.5,54.6,估值中性,60.6,一般,84.9,高股息,40.0,政策偏弱
106,300014,亿纬锂能,电子器件,59.03,C,50.48,18.82,2.21,0.919,1066.6,75.3,显著低估,38.6,较差,32.8,低分红,86.3,政策强受益
107,601838,成都银行,,58.85,C,19.58,6.11,0.92,7.201,829.9,62.3,合理偏低,41.1,较差,96.5,高股息,40.0,政策偏弱
108,601916,浙商银行,,58.82,C,2.92,6.13,0.44,4.486,629.1,63.7,合理偏低,50.0,一般,74.4,分红良好,40.0,政策偏弱
109,601186,中国铁建,建筑建材,58.75,C,6.06,5.03,0.3,4.95,697.1,74.5,合理偏低,20.8,较差,99.7,高股息,40.0,政策偏弱
110,600039,四川路桥,建筑建材,58.67,C,8.89,10.16,1.53,5.534,773.0,74.4,合理偏低,20.7,较差,100.0,高股息,40.0,政策偏弱
111,601669,中国电建,建筑建材,58.62,C,4.58,9.39,0.54,2.304,598.7,69.2,合理偏低,47.0,较差,62.5,分红良好,40.0,政策偏弱
112,600760,中航沈飞,汽车制造,58.46,C,43.57,43.27,5.28,0.93,1232.8,69.0,合理偏低,52.5,一般,32.9,低分红,67.3,政策受益
113,600886,国投电力,电力行业,57.74,C,15.64,17.55,1.89,3.249,1165.8,62.9,合理偏低,37.7,较差,78.0,分红良好,64.3,政策中性
114,601100,恒立液压,机械行业,57.71,C,87.39,42.74,6.54,0.984,1171.7,43.4,估值中性,83.4,优秀,43.9,分红一般,65.6,政策受益
115,002179,中航光电,电子器件,57.68,C,33.18,37.8,2.87,1.658,695.6,59.7,合理偏低,48.2,较差,51.4,分红一般,86.3,政策强受益
116,603501,豪威集团,,57.4,C,78.96,30.69,3.05,0.633,953.4,72.6,合理偏低,50.6,一般,37.2,低分红,40.0,政策偏弱
117,601728,中国电信,,57.31,C,6.42,19.74,1.28,3.916,4983.8,50.9,估值中性,66.1,良好,70.4,分红良好,40.0,政策偏弱
118,600795,国电电力,电力行业,57.29,C,5.45,14.98,1.61,4.422,972.0,62.3,合理偏低,39.2,较差,73.6,分红良好,64.3,政策中性
119,300442,润泽科技,机械行业,57.25,C,62.43,19.07,7.43,1.081,1021.5,71.4,合理偏低,48.2,较差,27.4,低分红,65.6,政策受益
120,600988,赤峰黄金,,57.23,C,39.07,20.03,5.18,0.819,650.1,63.2,合理偏低,73.6,良好,17.9,低分红,40.0,政策偏弱
121,601169,北京银行,金融行业,57.18,C,5.66,5.72,0.42,4.912,1196.7,51.3,估值中性,47.8,较差,99.4,高股息,48.6,政策偏弱
122,601919,中远海控,交通运输,56.74,C,16.6,9.44,1.08,6.024,2076.1,44.8,估值中性,63.0,一般,86.0,高股息,48.0,政策偏弱
123,002594,比亚迪,汽车制造,56.74,C,81.72,25.31,3.1,0.438,2849.6,63.4,合理偏低,52.2,一般,38.9,低分红,67.3,政策受益
124,601077,渝农商行,,56.73,C,6.78,6.11,0.55,4.733,599.2,53.2,估值中性,52.1,一般,87.8,高股息,40.0,政策偏弱
125,603799,华友钴业,,56.73,C,35.23,9.66,1.31,1.419,665.0,81.0,显著低估,36.9,较差,34.7,低分红,40.0,政策偏弱
126,601225,陕西煤业,煤炭行业,56.72,C,26.6,12.64,2.55,3.417,2578.9,39.4,偏贵,74.8,良好,80.5,高股息,44.8,政策偏弱
127,601958,金钼股份,有色金属,56.33,C,18.92,17.38,3.15,2.114,610.5,51.6,估值中性,61.6,一般,55.8,分红一般,62.9,政策中性
128,002648,卫星化学,化工行业,56.29,C,27.36,10.48,2.42,1.827,921.1,61.9,合理偏低,63.2,一般,29.7,低分红,50.1,政策中性
129,000776,广发证券,金融行业,56.27,C,19.32,8.01,1.09,3.106,1140.7,82.9,显著低估,9.1,较差,75.9,分红良好,48.6,政策偏弱
130,601088,中国神华,煤炭行业,56.07,C,47.49,19.08,2.28,4.232,8048.9,34.9,偏贵,73.6,良好,92.1,高股息,44.8,政策偏弱
131,601658,邮储银行,,55.86,C,5.49,7.35,0.63,3.976,3981.8,55.3,合理偏低,50.8,一般,78.3,分红良好,40.0,政策偏弱
132,600346,恒力石化,机械行业,55.82,C,16.4,10.28,1.6,1.768,1154.4,78.1,显著低估,32.7,较差,28.7,低分红,65.6,政策受益
133,000408,藏格矿业,商业百货,55.73,C,71.79,19.79,7.2,3.482,1126.3,58.0,合理偏低,50.0,一般,64.0,分红良好,50.3,政策中性
134,601818,光大银行,金融行业,55.4,C,3.08,5.53,0.36,5.682,1429.3,62.3,合理偏低,25.0,较差,100.0,高股息,48.6,政策偏弱
135,600104,上汽集团,汽车制造,55.18,C,10.93,13.6,0.42,2.434,1256.4,65.9,合理偏低,30.4,较差,64.7,分红良好,67.3,政策受益
136,601668,中国建筑,建筑建材,54.71,C,4.39,5.73,0.37,6.191,1814.0,60.0,合理偏低,29.0,较差,100.0,高股息,40.0,政策偏弱
137,600549,厦门钨业,有色金属,54.64,C,43.19,19.37,3.8,1.899,671.1,52.3,估值中性,54.9,一般,55.5,分红一般,62.9,政策中性
138,000703,恒逸石化,化纤行业,54.5,C,16.29,11.29,2.53,5.832,666.4,69.3,合理偏低,26.6,较差,75.5,分红良好,40.0,政策偏弱
139,600150,中国船舶,船舶制造,54.46,C,39.81,21.36,1.97,0.917,2995.9,73.7,合理偏低,30.1,较差,29.3,低分红,79.1,政策受益
140,002304,洋河股份,酿酒行业,54.31,C,37.02,120.16,1.18,3.971,557.7,57.7,合理偏低,33.6,较差,88.7,高股息,49.6,政策偏弱
141,600674,川投能源,电力行业,54.3,C,16.91,17.83,1.84,2.957,824.3,47.4,估值中性,51.6,一般,73.6,分红良好,64.3,政策中性
142,000100,TCL科技,家电行业,54.0,C,4.63,15.77,1.51,1.944,931.3,67.5,合理偏低,28.3,较差,56.3,分红一般,66.8,政策受益
143,002230,科大讯飞,电子信息,53.99,C,36.89,101.33,3.92,0.271,807.9,65.0,合理偏低,36.1,较差,37.4,低分红,82.9,政策强受益
144,002028,思源电气,发电设备,53.91,C,117.11,27.59,5.57,0.598,715.3,44.7,估值中性,79.1,良好,40.4,分红一般,40.0,政策偏弱
145,600028,中国石化,石油行业,53.54,C,5.48,18.4,0.8,3.96,5186.7,56.2,合理偏低,35.5,较差,88.5,高股息,43.2,政策偏弱
146,000792,盐湖股份,农药化肥,52.93,C,23.96,10.52,2.66,0.0,1267.8,60.7,合理偏低,72.0,良好,0.0,低分红,40.0,政策偏弱
147,688825,长鑫科技,次新股,52.92,C,50.52,41.92,17.06,0.0,2274.9,70.0,合理偏低,58.1,一般,0.0,低分红,40.0,政策偏弱
148,603893,瑞芯微,,52.9,C,199.56,61.77,17.04,0.752,844.8,56.6,合理偏低,62.4,一般,31.3,低分红,40.0,政策偏弱
149,000625,长安汽车,汽车制造,52.51,C,7.04,26.83,0.92,2.37,582.0,59.3,合理偏低,38.8,较差,49.6,分红一般,67.3,政策受益
150,600938,中国海油,,52.4,C,34.17,11.74,1.9,3.351,1021.7,41.2,估值中性,68.5,良好,62.0,分红良好,40.0,政策偏弱
151,603019,中科曙光,电子信息,52.37,C,76.78,46.44,4.87,0.586,1123.3,40.3,估值中性,66.4,良好,40.3,分红一般,82.9,政策强受益
152,601901,方正证券,金融行业,52.2,C,6.6,11.96,1.03,2.197,543.3,87.6,显著低估,3.0,较差,46.7,分红一般,48.6,政策偏弱
153,601061,中信金属,,52.16,C,10.87,13.61,2.15,2.024,532.6,74.0,合理偏低,31.2,较差,36.7,低分红,40.0,政策偏弱
154,601298,青岛港,,51.89,C,10.05,12.56,1.38,3.437,541.9,28.7,偏贵,79.7,良好,73.8,分红良好,40.0,政策偏弱
155,601229,上海银行,,51.88,C,9.81,5.78,0.55,5.301,1402.8,54.1,估值中性,28.5,较差,100.0,高股息,40.0,政策偏弱
156,601995,中金公司,,51.85,C,30.19,10.67,1.4,1.06,882.6,79.4,显著低估,25.0,较差,30.7,低分红,40.0,政策偏弱
157,001965,招商公路,,51.42,C,10.23,14.75,1.01,3.646,695.1,50.0,估值中性,42.9,较差,80.4,高股息,40.0,政策偏弱
158,000426,兴业银锡,有色金属,51.35,C,30.7,17.19,4.72,0.358,545.0,48.7,估值中性,68.6,良好,17.2,低分红,62.9,政策中性
159,000338,潍柴动力,汽车制造,51.3,C,24.86,16.54,2.24,2.944,1232.2,48.7,估值中性,38.9,较差,73.4,分红良好,67.3,政策受益
160,601857,中国石油,石油行业,51.25,C,11.59,12.05,1.33,4.4,18766.8,38.4,偏贵,51.6,一般,94.3,高股息,43.2,政策偏弱
161,600188,兖矿能源,煤炭行业,51.19,C,19.95,17.67,2.68,2.607,1189.3,44.2,估值中性,55.6,一般,67.6,分红良好,44.8,政策偏弱
162,601231,环旭电子,电子器件,51.14,C,23.07,27.05,2.46,1.864,551.1,44.1,估值中性,48.1,较差,54.9,分红一般,86.3,政策强受益
163,603259,药明康德,,51.04,C,162.0,22.69,6.01,1.29,4006.7,42.5,估值中性,73.0,良好,40.3,分红一般,40.0,政策偏弱
164,600875,东方电气,发电设备,50.93,C,23.48,17.52,1.76,2.257,531.4,60.0,合理偏低,39.0,较差,54.7,分红一般,40.0,政策偏弱
165,000617,中油资本,机械行业,50.88,C,6.53,16.31,0.77,1.562,825.5,59.9,合理偏低,34.4,较差,46.8,分红一般,65.6,政策受益
166,603156,养元饮品,,50.6,C,42.2,38.82,6.53,3.555,531.8,29.0,偏贵,72.3,良好,79.0,分红良好,40.0,政策偏弱
167,601898,中煤能源,煤炭行业,50.15,C,14.09,10.19,1.12,2.718,1289.5,43.7,估值中性,51.8,一般,69.5,分红良好,44.8,政策偏弱
168,300476,胜宏科技,,50.07,C,206.23,40.33,5.35,0.967,1784.3,44.7,估值中性,64.7,一般,43.7,分红一般,40.0,政策偏弱
169,600919,江苏银行,,50.01,C,12.57,6.38,0.85,4.488,2306.8,32.8,偏贵,56.5,一般,95.4,高股息,40.0,政策偏弱
170,002602,世纪华通,汽车制造,49.52,D,13.3,13.16,2.91,1.053,904.0,60.0,合理偏低,46.1,较差,13.1,低分红,67.3,政策受益
171,601288,农业银行,金融行业,49.25,D,7.02,8.25,0.86,3.554,22410.9,35.9,偏贵,52.9,一般,82.5,高股息,48.6,政策偏弱
172,300502,新易盛,,49.09,D,378.5,40.24,21.72,0.264,4749.1,39.9,偏贵,71.7,良好,37.4,低分红,40.0,政策偏弱
173,601800,中国交建,建筑建材,48.99,D,6.05,7.87,0.34,3.235,709.2,63.9,合理偏低,15.2,较差,77.8,分红良好,40.0,政策偏弱
174,300661,圣邦股份,,48.53,D,96.0,86.06,6.73,0.208,579.3,60.6,合理偏低,40.9,较差,33.4,低分红,40.0,政策偏弱
175,601138,工业富联,,48.48,D,55.69,23.56,6.29,1.76,11051.2,38.9,偏贵,66.9,良好,46.0,分红一般,40.0,政策偏弱
176,600025,华能水电,,48.42,D,10.1,22.75,2.69,2.03,1881.7,37.9,偏贵,64.1,一般,54.3,分红一般,40.0,政策偏弱
177,000977,浪潮信息,电子信息,48.27,D,64.56,20.76,3.86,0.062,947.0,49.8,估值中性,40.8,较差,35.6,低分红,82.9,政策强受益
178,600089,特变电工,发电设备,47.89,D,17.79,16.89,1.27,2.024,898.9,51.8,估值中性,39.7,较差,57.7,分红一般,40.0,政策偏弱
179,601991,大唐发电,电力行业,47.39,D,5.35,11.91,2.63,2.766,663.2,57.7,合理偏低,25.3,较差,49.4,分红一般,64.3,政策中性
180,601998,中信银行,金融行业,47.2,D,9.08,7.04,0.68,4.196,3701.3,28.8,偏贵,52.1,一般,91.6,高股息,48.6,政策偏弱
181,001872,招商港口,,47.03,D,24.61,12.82,0.94,3.247,566.6,31.8,偏贵,56.8,一般,78.0,分红良好,40.0,政策偏弱
182,300433,蓝思科技,电子器件,46.73,D,30.04,45.94,3.0,1.831,1487.5,33.1,偏贵,50.2,一般,54.3,分红一般,86.3,政策强受益
183,601127,赛力斯,,46.65,D,47.97,64.33,2.23,2.314,747.0,54.9,估值中性,40.7,较差,38.2,低分红,40.0,政策偏弱
184,300394,天孚通信,电子信息,46.29,D,235.07,110.42,44.96,0.51,2558.5,16.9,偏贵,81.6,优秀,39.6,低分红,82.9,政策强受益
185,002460,赣锋锂业,有色金属,45.72,D,44.21,14.48,1.92,0.339,535.5,52.0,估值中性,34.4,较差,38.1,低分红,62.9,政策中性
186,603296,华勤技术,,45.69,D,72.55,21.29,3.43,1.654,579.4,63.0,合理偏低,31.0,较差,26.9,低分红,40.0,政策偏弱
187,601398,工商银行,金融行业,45.66,D,8.31,7.92,0.75,3.734,22404.8,26.9,偏贵,53.0,一般,85.2,高股息,48.6,政策偏弱
188,300308,中际旭创,机械行业,45.59,D,783.0,45.09,23.14,0.179,8690.8,33.0,偏贵,62.3,一般,36.6,低分红,65.6,政策受益
189,000063,中兴通讯,电子信息,45.39,D,29.32,42.33,1.86,1.402,1180.9,42.3,估值中性,41.2,较差,38.0,低分红,82.9,政策强受益
190,688271,联影医疗,,44.94,D,106.42,49.6,4.0,0.413,877.1,68.3,合理偏低,25.2,较差,17.7,低分红,40.0,政策偏弱
191,601939,建设银行,金融行业,44.83,D,11.15,8.42,0.81,3.486,1069.7,25.0,偏贵,54.9,一般,81.5,高股息,48.6,政策偏弱
192,601872,招商轮船,交通运输,44.77,D,22.03,16.4,3.8,1.453,1778.8,24.2,偏贵,72.4,良好,49.1,分红一般,48.0,政策偏弱
193,300759,康龙化成,,44.66,D,43.75,46.93,4.92,0.457,621.3,33.4,偏贵,69.4,良好,32.1,低分红,40.0,政策偏弱
194,601328,交通银行,金融行业,44.26,D,7.83,7.1,0.59,4.147,2041.5,34.3,偏贵,34.3,较差,91.0,高股息,48.6,政策偏弱
195,688002,睿创微纳,,43.98,D,171.82,39.35,10.38,0.466,799.9,41.6,估值中性,56.4,一般,28.7,低分红,40.0,政策偏弱
196,601985,中国核电,,43.87,D,9.17,25.91,1.59,1.963,1731.6,37.9,偏贵,47.7,较差,56.7,分红一般,40.0,政策偏弱
197,002185,华天科技,电子器件,43.84,D,16.03,41.1,2.8,0.137,533.2,41.3,估值中性,37.3,较差,36.2,低分红,86.3,政策强受益
198,000768,中航西飞,飞机制造,43.73,D,22.6,66.01,2.81,0.664,627.5,71.2,合理偏低,5.1,较差,41.0,分红一般,40.0,政策偏弱
199,000725,京东方Ａ,电子器件,43.71,D,5.5,25.93,1.53,1.018,1945.2,38.9,偏贵,36.5,较差,44.2,分红一般,86.3,政策强受益
200,600522,中天科技,电子信息,43.59,D,30.49,27.96,2.71,0.853,1040.6,33.9,偏贵,45.5,较差,42.7,分红一般,82.9,政策强受益
201,601868,中国能建,,43.33,D,2.38,19.8,0.89,1.311,832.5,45.5,估值中性,47.8,较差,30.0,低分红,40.0,政策偏弱
202,002353,杰瑞股份,机械行业,43.04,D,109.55,42.56,4.85,0.776,757.1,18.0,偏贵,73.7,良好,42.0,分红一般,65.6,政策受益
203,600026,中远海能,交通运输,43.0,D,22.62,18.43,2.57,1.68,865.9,45.5,估值中性,43.7,较差,30.6,低分红,48.0,政策偏弱
204,003031,中瓷电子,,42.9,D,110.64,73.36,7.84,0.398,499.0,50.4,估值中性,47.0,较差,14.1,低分红,40.0,政策偏弱
205,601988,中国银行,金融行业,42.79,D,6.81,8.81,0.8,3.323,14353.1,23.9,偏贵,51.0,一般,79.1,分红良好,48.6,政策偏弱
206,002422,科伦药业,生物制药,42.76,D,38.75,33.7,2.5,1.533,503.2,29.5,偏贵,52.1,一般,50.0,分红一般,63.5,政策中性
207,603986,兆易创新,,42.65,D,334.4,29.69,6.28,0.224,2242.9,52.9,估值中性,45.0,较差,9.0,低分红,40.0,政策偏弱
208,000988,华工科技,仪器仪表,42.43,D,86.99,50.11,7.31,0.287,874.2,19.8,偏贵,71.1,良好,37.6,低分红,65.6,政策受益
209,300223,君正股份,电子器件,42.29,D,119.74,44.99,4.53,0.125,506.4,46.6,估值中性,31.2,较差,22.1,低分红,86.3,政策强受益
210,002463,沪电股份,电子器件,41.96,D,115.88,44.05,12.4,0.431,2228.2,14.2,偏贵,70.4,良好,38.9,低分红,86.3,政策强受益
211,002074,国轩高科,发电设备,41.89,D,31.3,16.69,1.9,0.319,543.6,63.1,合理偏低,25.0,较差,13.4,低分红,40.0,政策偏弱
212,000021,深科技,电子信息,41.84,D,33.12,42.77,3.94,0.664,524.8,26.2,偏贵,52.0,一般,41.0,分红一般,82.9,政策强受益
213,688396,华润微,,41.42,D,52.02,66.17,2.94,0.148,690.9,44.6,估值中性,45.0,较差,25.8,低分红,40.0,政策偏弱
214,601168,西部矿业,有色金属,40.69,D,35.13,14.09,3.73,0.285,837.1,26.2,偏贵,61.8,一般,27.1,低分红,62.9,政策中性
215,600601,方正科技,电子信息,40.66,D,12.65,64.28,7.78,0.0,527.5,48.0,估值中性,35.9,较差,0.0,低分红,82.9,政策强受益
216,002636,金安国纪,电子器件,40.63,D,79.63,58.19,13.52,0.157,577.5,36.9,偏贵,40.1,较差,22.4,低分红,86.3,政策强受益
217,600111,北方稀土,有色金属,40.6,D,34.5,36.97,4.75,0.377,1247.2,52.2,估值中性,23.8,较差,24.4,低分红,62.9,政策中性
218,300475,香农芯创,,40.29,D,144.98,16.9,9.54,0.081,650.2,49.8,估值中性,37.2,较差,18.2,低分红,40.0,政策偏弱
219,600221,海航控股,交通运输,39.92,D,1.22,24.04,9.6,0.0,522.7,61.4,合理偏低,25.0,较差,0.0,低分红,48.0,政策偏弱
220,688008,澜起科技,,39.68,D,197.01,78.23,11.29,0.299,2255.3,34.6,偏贵,53.4,一般,27.2,低分红,40.0,政策偏弱
221,002202,金风科技,发电设备,39.58,D,16.68,22.42,1.79,1.199,561.0,47.0,估值中性,25.0,较差,46.2,分红一般,40.0,政策偏弱
222,002600,领益智造,电子器件,39.53,D,11.42,43.94,2.97,0.525,827.0,32.2,偏贵,45.3,较差,18.7,低分红,86.3,政策强受益
223,001289,龙源电力,,39.41,D,14.96,35.29,1.62,1.086,754.3,43.3,估值中性,39.4,较差,27.5,低分红,40.0,政策偏弱
224,000938,紫光股份,电子信息,39.32,D,30.24,30.76,4.84,0.215,864.9,45.8,估值中性,28.5,较差,12.4,低分红,82.9,政策强受益
225,000831,中国稀土,有色金属,39.21,D,48.9,209.4,10.31,0.059,518.9,41.8,估值中性,45.0,较差,4.0,低分红,62.9,政策中性
226,688525,佰维存储,,39.16,D,183.18,10.59,6.94,0.348,873.5,72.2,合理偏低,5.6,较差,6.6,低分红,40.0,政策偏弱
227,001309,德明利,,38.77,D,341.48,11.35,7.92,0.117,565.8,64.8,合理偏低,11.2,较差,15.1,低分红,40.0,政策偏弱
228,003816,中国广核,,38.51,D,4.41,22.44,1.8,1.95,1734.7,26.1,偏贵,53.0,一般,45.9,分红一般,40.0,政策偏弱
229,688183,生益电子,,38.45,D,105.22,44.08,10.02,0.57,881.3,43.8,估值中性,43.1,较差,12.1,低分红,40.0,政策偏弱
230,002493,荣盛石化,化纤行业,38.38,D,13.49,25.16,2.83,0.741,1263.0,45.8,估值中性,25.0,较差,41.7,分红一般,40.0,政策偏弱
231,600362,江西铜业,有色金属,38.36,D,41.89,12.52,1.66,2.387,869.3,46.1,估值中性,5.8,较差,63.9,分红良好,62.9,政策中性
232,601360,三六零,,38.21,D,8.67,79.8,2.18,1.73,606.9,53.4,估值中性,20.0,较差,28.0,低分红,40.0,政策偏弱
233,601727,上海电气,发电设备,38.1,D,6.42,73.6,1.8,0.222,809.9,57.3,合理偏低,25.0,较差,5.5,低分红,40.0,政策偏弱
234,600487,亨通光电,电子信息,37.99,D,52.7,31.05,3.86,0.522,1293.1,17.5,偏贵,52.9,一般,39.7,低分红,82.9,政策强受益
235,600482,中国动力,电器行业,37.97,D,34.68,46.44,1.91,0.82,786.6,42.9,估值中性,34.6,较差,28.4,低分红,40.0,政策偏弱
236,300450,先导智能,其它行业,37.92,D,37.59,35.36,3.5,0.764,586.2,55.8,合理偏低,8.5,较差,41.9,分红一般,40.0,政策偏弱
237,300408,三环集团,电子器件,37.44,D,116.3,70.09,10.26,0.387,2174.6,9.6,偏贵,62.4,一般,38.5,低分红,86.3,政策强受益
238,002156,通富微电,电子器件,37.41,D,55.93,35.32,4.23,0.145,848.7,39.6,偏贵,28.9,较差,15.3,低分红,86.3,政策强受益
239,600372,中航机载,飞机制造,37.35,D,11.16,52.24,1.42,0.609,540.0,52.0,估值中性,12.9,较差,40.5,分红一般,40.0,政策偏弱
240,002938,鹏鼎控股,,37.1,D,78.0,47.71,5.26,1.282,1802.4,19.8,偏贵,60.5,一般,40.2,分红一般,40.0,政策偏弱
241,002837,英维克,,36.96,D,51.93,135.24,18.53,0.327,589.4,24.7,偏贵,53.8,一般,37.9,低分红,40.0,政策偏弱
242,688256,寒武纪,,36.8,D,981.0,185.14,45.42,0.153,6169.1,53.5,估值中性,26.7,较差,4.9,低分红,40.0,政策偏弱
243,301200,大族数控,,36.66,D,218.01,70.24,8.85,0.275,927.1,39.4,偏贵,45.0,较差,9.5,低分红,40.0,政策偏弱
244,601179,中国西电,发电设备,36.17,D,11.79,44.45,2.61,0.925,604.3,29.6,偏贵,41.3,较差,43.3,分红一般,40.0,政策偏弱
245,600183,生益科技,电子器件,36.11,D,131.86,61.66,17.31,0.607,3180.1,13.3,偏贵,51.4,一般,40.5,分红一般,86.3,政策强受益
246,002371,北方华创,电子器件,35.57,D,600.32,76.64,10.74,0.127,4352.8,25.3,偏贵,33.8,较差,36.1,低分红,86.3,政策强受益
247,001979,招商蛇口,,35.48,D,7.82,680.2,0.72,0.653,693.6,35.0,偏贵,32.0,较差,40.9,分红一般,40.0,政策偏弱
248,601233,桐昆股份,化纤行业,35.33,D,22.68,10.44,1.28,0.529,538.6,45.6,估值中性,28.4,较差,15.3,低分红,40.0,政策偏弱
249,002466,天齐锂业,化工行业,35.02,D,40.69,15.09,1.44,0.0,600.5,43.3,估值中性,35.1,较差,0.0,低分红,50.1,政策中性
250,600905,三峡能源,,34.92,D,3.53,90.21,1.14,1.161,1009.1,41.3,估值中性,25.3,较差,31.8,低分红,40.0,政策偏弱
251,002821,凯莱英,,34.42,D,180.68,63.15,3.67,0.72,572.5,23.2,偏贵,45.9,较差,41.5,分红一般,40.0,政策偏弱
252,688072,拓荆科技,,34.39,D,616.07,82.75,14.0,0.054,1750.8,43.2,估值中性,29.3,较差,14.5,低分红,40.0,政策偏弱
253,000301,东方盛虹,综合行业,34.22,D,13.5,21.01,2.36,0.0,892.3,50.5,估值中性,25.0,较差,0.0,低分红,40.0,政策偏弱
254,002281,光迅科技,电子信息,33.91,D,152.01,108.85,8.7,0.0,1194.8,9.8,偏贵,53.1,一般,35.0,低分红,82.9,政策强受益
255,002008,大族激光,仪器仪表,33.88,D,78.11,40.42,3.75,0.256,747.3,21.2,偏贵,40.7,较差,37.3,低分红,65.6,政策受益
256,600118,中国卫星,飞机制造,33.68,D,56.47,663.68,10.45,0.021,667.8,24.8,偏贵,44.2,较差,35.2,低分红,40.0,政策偏弱
257,000630,铜陵有色,有色金属,33.36,D,5.75,19.43,2.03,1.739,640.7,36.3,偏贵,11.2,较差,49.1,分红一般,62.9,政策中性
258,600893,航发动力,飞机制造,33.2,D,38.09,147.41,2.53,0.189,1015.1,38.7,偏贵,21.0,较差,36.7,低分红,40.0,政策偏弱
259,002916,深南电路,,32.71,D,368.02,60.16,13.9,0.652,2447.4,14.9,偏贵,54.7,一般,37.4,低分红,40.0,政策偏弱
260,002384,东山精密,电子信息,32.11,D,150.66,76.97,11.32,0.0,2088.6,18.0,偏贵,34.9,较差,35.0,低分红,82.9,政策强受益
261,300285,国瓷材料,化工行业,32.05,D,60.2,93.58,8.24,0.249,513.5,9.2,偏贵,57.7,一般,37.2,低分红,50.1,政策中性
262,603268,松发股份,陶瓷行业,31.93,D,218.75,39.68,11.14,0.0,510.2,45.4,估值中性,25.0,较差,0.0,低分红,40.0,政策偏弱
263,601698,中国卫通,,31.8,D,22.99,259.82,6.12,0.137,971.2,21.6,偏贵,47.4,较差,25.7,低分红,40.0,政策偏弱
264,603228,景旺电子,,31.66,D,97.89,88.98,7.64,0.562,961.3,6.3,偏贵,62.7,一般,40.1,分红一般,40.0,政策偏弱
265,688981,中芯国际,,31.65,D,107.08,127.21,5.35,0.0,2142.2,31.4,偏贵,45.0,较差,0.0,低分红,40.0,政策偏弱
266,300548,长芯博创,,31.6,D,190.44,115.04,26.87,0.152,560.4,23.9,偏贵,46.8,较差,18.9,低分红,40.0,政策偏弱
267,301308,江波龙,,31.34,D,288.6,11.07,5.96,0.12,813.4,53.1,估值中性,9.2,较差,4.6,低分红,40.0,政策偏弱
268,300604,长川科技,,30.82,D,228.5,78.97,16.91,0.044,1118.5,33.9,偏贵,27.8,较差,21.4,低分红,40.0,政策偏弱
269,688519,南亚新材,,30.79,D,276.86,106.01,19.89,0.116,651.1,30.5,偏贵,32.5,较差,22.0,低分红,40.0,政策偏弱
270,688498,源杰科技,,30.6,D,1290.4,213.71,53.24,0.132,1585.8,40.7,估值中性,20.0,较差,15.2,低分红,40.0,政策偏弱
271,000636,风华高科,电子器件,30.32,D,50.4,142.17,4.63,0.198,578.3,10.6,偏贵,45.0,较差,22.8,低分红,86.3,政策强受益
272,688041,海光信息,,30.0,D,220.53,163.15,20.2,0.109,5125.9,37.5,偏贵,23.0,较差,15.0,低分红,40.0,政策偏弱
273,603083,剑桥科技,,29.93,D,193.1,151.19,7.62,0.192,532.2,26.9,偏贵,39.9,较差,12.2,低分红,40.0,政策偏弱
274,688313,仕佳光子,,29.65,D,127.6,122.61,33.59,0.235,576.7,31.3,偏贵,34.1,较差,9.1,低分红,40.0,政策偏弱
275,002080,中材科技,化纤行业,29.49,D,52.01,43.06,4.28,0.834,872.8,19.5,偏贵,34.5,较差,42.5,分红一般,40.0,政策偏弱
276,600584,长电科技,电子器件,29.42,D,62.6,57.77,3.88,0.24,1120.2,11.2,偏贵,40.9,较差,23.2,低分红,86.3,政策强受益
277,300857,协创数据,,29.34,D,234.8,44.7,18.96,0.145,1138.5,28.9,偏贵,29.9,较差,22.3,低分红,40.0,政策偏弱
278,600010,包钢股份,钢铁行业,29.34,D,2.1,189.32,1.81,0.0,657.7,33.2,偏贵,32.7,较差,3.5,低分红,40.7,政策偏弱
279,688120,华海清科,,29.13,D,222.3,96.65,13.86,0.18,1103.2,15.3,偏贵,53.0,一般,15.6,低分红,40.0,政策偏弱
280,688249,晶合集成,,28.53,D,30.01,108.62,2.88,0.0,602.5,26.5,偏贵,40.3,较差,3.5,低分红,40.0,政策偏弱
281,300620,光库科技,,28.52,D,250.95,228.89,27.7,0.08,620.7,16.5,偏贵,40.8,较差,32.2,低分红,40.0,政策偏弱
282,688347,华虹宏力,,28.51,D,197.21,542.43,6.85,0.0,804.1,24.5,偏贵,45.0,较差,0.0,低分红,40.0,政策偏弱
283,601869,长飞光纤,,28.41,D,393.99,94.75,19.93,0.075,1600.9,17.1,偏贵,39.7,较差,32.2,低分红,40.0,政策偏弱
284,600176,中国巨石,玻璃行业,28.41,D,39.55,34.94,4.78,0.91,1570.8,16.5,偏贵,35.0,较差,43.2,分红一般,40.0,政策偏弱
285,688012,中微公司,,27.88,D,313.24,70.92,9.99,0.112,2951.3,32.8,偏贵,22.9,较差,15.0,低分红,40.0,政策偏弱
286,688082,盛美上海,,27.52,D,273.22,78.49,9.0,0.227,1317.6,25.0,偏贵,32.9,较差,16.0,低分红,40.0,政策偏弱
287,688200,华峰测控,,26.79,D,367.09,97.59,10.1,0.324,738.3,16.4,偏贵,37.7,较差,27.4,低分红,40.0,政策偏弱
288,002436,兴森科技,电子器件,26.5,D,40.41,317.07,12.18,0.074,613.4,8.7,偏贵,28.6,较差,35.7,低分红,86.3,政策强受益
289,301165,锐捷网络,,26.44,D,97.7,115.94,20.39,0.537,1088.0,12.2,偏贵,47.1,较差,18.8,低分红,40.0,政策偏弱
290,603256,宏和科技,,26.35,D,124.64,228.22,38.23,0.055,1127.5,22.8,偏贵,38.4,较差,4.0,低分红,40.0,政策偏弱
291,300765,石药创新,,25.79,D,45.1,61.93,16.09,0.0,633.5,20.7,偏贵,31.0,较差,21.0,低分红,40.0,政策偏弱
292,000657,中钨高新,有色金属,24.0,D,51.85,42.02,10.47,0.444,753.3,22.4,偏贵,14.7,较差,21.5,低分红,62.9,政策中性
293,688777,中控技术,,23.6,D,77.08,251.5,6.19,0.363,606.8,22.9,偏贵,18.8,较差,24.3,低分红,40.0,政策偏弱
294,002851,麦格米特,,22.72,D,107.25,279.81,6.87,0.028,527.3,16.8,偏贵,21.3,较差,31.8,低分红,40.0,政策偏弱
295,002428,云南锗业,有色金属,22.0,D,85.71,774.62,36.63,0.012,559.7,26.5,偏贵,7.3,较差,10.6,低分红,62.9,政策中性
296,688432,有研硅,,21.69,D,44.93,237.59,12.31,0.122,561.8,5.8,偏贵,42.7,较差,15.1,低分红,40.0,政策偏弱
297,301217,铜冠铜箔,,20.69,D,99.7,340.73,14.73,0.02,826.5,19.0,偏贵,20.0,较差,14.2,低分红,40.0,政策偏弱
298,601208,东材科技,化工行业,18.68,D,50.92,126.44,8.48,0.491,514.4,11.1,偏贵,16.2,较差,25.4,低分红,50.1,政策中性
299,600673,东阳光,有色金属,17.39,D,30.15,1741.68,8.66,0.0,905.0,8.0,偏贵,25.0,较差,0.0,低分红,62.9,政策中性
300,688037,芯源微,,13.34,D,311.63,986.49,22.34,0.012,629.8,5.3,偏贵,10.9,较差,24.6,低分红,40.0,政策偏弱
