代码,名称,行业,建议动作,现价,持仓成本,浮动盈亏%,总分,评级,PE_TTM,PB,股息率%,PE历史分位,PB历史分位,PE×PB,宏观背景分,未通过的门槛,触发的卖出条件,预警,理由
600690,海尔智家,家电行业,建仓,20.43,,,89.28,A+,10.66,1.59,5.681,7%,4%,16.95,48.43,（全部通过）,,,买入门槛全部通过：总分 ≥ 72（A 级）；质量分 ≥ 60（便宜但烂的公司不买）；PE 处于自身历史分位 ≤ 40%；PB 处于自身历史分位 ≤ 40%；股息率 ≥ 2%；市盈率 ≤ 40 倍；PE × PB ≤ 50（格雷厄姆门槛）；宏观背景分 ≥ 45（大盘环境太差时先等）
000568,泸州老窖,酿酒行业,建仓,72.61,,,86.88,A+,14.24,2.34,7.954,32%,3%,33.32,48.43,（全部通过）,[预警] ROE 连续 2 个年报下滑,ROE 连续 2 个年报下滑,买入门槛全部通过：总分 ≥ 72（A 级）；质量分 ≥ 60（便宜但烂的公司不买）；PE 处于自身历史分位 ≤ 40%；PB 处于自身历史分位 ≤ 40%；股息率 ≥ 2%；市盈率 ≤ 40 倍；PE × PB ≤ 50（格雷厄姆门槛）；宏观背景分 ≥ 45（大盘环境太差时先等） ｜ 预警：ROE 连续 2 个年报下滑（实际 32→28.43→21.76）
601018,宁波港,交通运输,建仓,3.59,,,81.53,A+,13.66,0.86,4.206,12%,8%,11.75,48.43,（全部通过）,,,买入门槛全部通过：总分 ≥ 72（A 级）；质量分 ≥ 60（便宜但烂的公司不买）；PE 处于自身历史分位 ≤ 40%；PB 处于自身历史分位 ≤ 40%；股息率 ≥ 2%；市盈率 ≤ 40 倍；PE × PB ≤ 50（格雷厄姆门槛）；宏观背景分 ≥ 45（大盘环境太差时先等）
000708,中信特钢,钢铁行业,建仓,13.2,,,81.47,A+,10.89,1.56,6.408,5%,18%,16.99,48.43,（全部通过）,,,买入门槛全部通过：总分 ≥ 72（A 级）；质量分 ≥ 60（便宜但烂的公司不买）；PE 处于自身历史分位 ≤ 40%；PB 处于自身历史分位 ≤ 40%；股息率 ≥ 2%；市盈率 ≤ 40 倍；PE × PB ≤ 50（格雷厄姆门槛）；宏观背景分 ≥ 45（大盘环境太差时先等）
002001,新 和 成,生物制药,建仓,26.31,,,78.34,A,11.28,2.32,3.801,15%,32%,26.17,48.43,（全部通过）,,,买入门槛全部通过：总分 ≥ 72（A 级）；质量分 ≥ 60（便宜但烂的公司不买）；PE 处于自身历史分位 ≤ 40%；PB 处于自身历史分位 ≤ 40%；股息率 ≥ 2%；市盈率 ≤ 40 倍；PE × PB ≤ 50（格雷厄姆门槛）；宏观背景分 ≥ 45（大盘环境太差时先等）
688036,传音控股,,建仓,46.1,,,75.43,A,16.89,2.62,3.688,15%,0%,44.25,48.43,（全部通过）,[预警] ROE 连续 2 个年报下滑,ROE 连续 2 个年报下滑,买入门槛全部通过：总分 ≥ 72（A 级）；质量分 ≥ 60（便宜但烂的公司不买）；PE 处于自身历史分位 ≤ 40%；PB 处于自身历史分位 ≤ 40%；股息率 ≥ 2%；市盈率 ≤ 40 倍；PE × PB ≤ 50（格雷厄姆门槛）；宏观背景分 ≥ 45（大盘环境太差时先等） ｜ 预警：ROE 连续 2 个年报下滑（实际 30.67→27.43→12.57）
603195,公牛集团,,接近建仓,38.89,,,90.83,A+,16.85,4.62,4.886,4%,8%,77.85,48.43,PE × PB ≤ 50（格雷厄姆门槛）,,,买入门槛只差 1 条（容差 1 条）：PE × PB ≤ 50（格雷厄姆门槛）
605499,东鹏饮料,,接近建仓,113.04,,,88.17,A+,16.91,4.8,4.866,1%,6%,81.17,48.43,PE × PB ≤ 50（格雷厄姆门槛）,,,买入门槛只差 1 条（容差 1 条）：PE × PB ≤ 50（格雷厄姆门槛）
002415,海康威视,仪器仪表,接近建仓,33.0,,,86.27,A+,18.4,3.81,5.152,10%,39%,70.1,48.43,PE × PB ≤ 50（格雷厄姆门槛）,,,买入门槛只差 1 条（容差 1 条）：PE × PB ≤ 50（格雷厄姆门槛）
600809,山西汾酒,酿酒行业,接近建仓,115.1,,,85.55,A+,13.79,3.69,5.699,6%,7%,50.89,48.43,PE × PB ≤ 50（格雷厄姆门槛）,[预警] ROE 连续 2 个年报下滑,ROE 连续 2 个年报下滑,买入门槛只差 1 条（容差 1 条）：PE × PB ≤ 50（格雷厄姆门槛） ｜ 预警：ROE 连续 2 个年报下滑（实际 37.50→35.23→30.90）
600406,国电南瑞,电子信息,接近建仓,22.86,,,85.18,A+,21.86,3.61,2.747,3%,12%,78.91,48.43,PE × PB ≤ 50（格雷厄姆门槛）,,,买入门槛只差 1 条（容差 1 条）：PE × PB ≤ 50（格雷厄姆门槛）
000651,格力电器,家电行业,接近建仓,38.32,,,84.57,A+,7.7,1.45,7.829,44%,5%,11.16,48.43,PE 处于自身历史分位 ≤ 40%,[预警] ROE 连续 2 个年报下滑,ROE 连续 2 个年报下滑,买入门槛只差 1 条（容差 1 条）：PE 处于自身历史分位 ≤ 40% ｜ 预警：ROE 连续 2 个年报下滑（实际 24.84→23.42→19.87）
000895,双汇发展,食品行业,接近建仓,23.66,,,81.87,A+,16.11,3.92,3.381,23%,25%,63.15,48.43,PE × PB ≤ 50（格雷厄姆门槛）,,,买入门槛只差 1 条（容差 1 条）：PE × PB ≤ 50（格雷厄姆门槛）
300015,爱尔眼科,医疗器械,接近建仓,7.86,,,79.47,A,28.71,3.35,2.29,11%,2%,96.18,48.43,PE × PB ≤ 50（格雷厄姆门槛）,[预警] ROE 连续 2 个年报下滑,ROE 连续 2 个年报下滑,买入门槛只差 1 条（容差 1 条）：PE × PB ≤ 50（格雷厄姆门槛） ｜ 预警：ROE 连续 2 个年报下滑（实际 17.81→17.17→14.75）
000858,五 粮 液,酿酒行业,接近建仓,70.14,,,79.35,A,20.81,2.3,7.353,52%,4%,47.86,48.43,PE 处于自身历史分位 ≤ 40%,,,买入门槛只差 1 条（容差 1 条）：PE 处于自身历史分位 ≤ 40%
000538,云南白药,生物制药,接近建仓,50.89,,,79.0,A,17.39,2.32,5.15,7%,23%,40.34,48.43,质量分 ≥ 60（便宜但烂的公司不买）,,,买入门槛只差 1 条（容差 1 条）：质量分 ≥ 60（便宜但烂的公司不买）
600887,伊利股份,食品行业,接近建仓,27.32,,,78.41,A,17.07,3.22,5.051,38%,36%,54.97,48.43,PE × PB ≤ 50（格雷厄姆门槛）,,,买入门槛只差 1 条（容差 1 条）：PE × PB ≤ 50（格雷厄姆门槛）
601318,中国平安,金融行业,接近建仓,52.67,,,77.66,A,5.99,0.94,6.987,0%,28%,5.63,48.43,质量分 ≥ 60（便宜但烂的公司不买）,,,买入门槛只差 1 条（容差 1 条）：质量分 ≥ 60（便宜但烂的公司不买）
601601,中国太保,金融行业,接近建仓,30.83,,,74.99,A,5.26,0.93,3.73,1%,14%,4.89,48.43,质量分 ≥ 60（便宜但烂的公司不买）,,,买入门槛只差 1 条（容差 1 条）：质量分 ≥ 60（便宜但烂的公司不买）
002532,天山铝业,机械行业,接近建仓,12.17,,,74.16,A,8.15,1.75,6.984,9%,66%,14.26,48.43,PB 处于自身历史分位 ≤ 40%,,,买入门槛只差 1 条（容差 1 条）：PB 处于自身历史分位 ≤ 40%
601766,中国中车,交通运输,接近建仓,6.22,,,73.98,A,12.82,1.01,3.698,14%,26%,12.95,48.43,质量分 ≥ 60（便宜但烂的公司不买）,,,买入门槛只差 1 条（容差 1 条）：质量分 ≥ 60（便宜但烂的公司不买）
600803,新奥股份,农药化肥,接近建仓,19.49,,,73.11,A,13.83,2.57,5.849,79%,31%,35.54,48.43,PE 处于自身历史分位 ≤ 40%,[预警] ROE 连续 2 个年报下滑,ROE 连续 2 个年报下滑,买入门槛只差 1 条（容差 1 条）：PE 处于自身历史分位 ≤ 40% ｜ 预警：ROE 连续 2 个年报下滑（实际 29.98→19.15→18.99）
600233,圆通速递,服装鞋类,接近建仓,17.78,,,68.03,B,10.75,1.66,2.081,3%,27%,17.84,48.43,总分 ≥ 72（A 级）,[预警] ROE 连续 2 个年报下滑,ROE 连续 2 个年报下滑,买入门槛只差 1 条（容差 1 条）：总分 ≥ 72（A 级） ｜ 预警：ROE 连续 2 个年报下滑（实际 12.93→12.67→12.41）
600660,福耀玻璃,汽车制造,观望,51.65,,,89.27,A+,15.9,3.79,6.002,3%,47%,60.26,48.43,PB 处于自身历史分位 ≤ 40%；PE × PB ≤ 50（格雷厄姆门槛）,,,未通过 2 条门槛：PB 处于自身历史分位 ≤ 40%；PE × PB ≤ 50（格雷厄姆门槛）
002027,分众传媒,电子信息,观望,4.74,,,80.57,A+,20.08,5.16,8.228,54%,32%,103.61,48.43,PE 处于自身历史分位 ≤ 40%；PE × PB ≤ 50（格雷厄姆门槛）,,,未通过 2 条门槛：PE 处于自身历史分位 ≤ 40%；PE × PB ≤ 50（格雷厄姆门槛）
600415,小商品城,商业百货,观望,10.83,,,76.64,A,13.22,2.69,4.617,1%,51%,35.56,48.43,质量分 ≥ 60（便宜但烂的公司不买）；PB 处于自身历史分位 ≤ 40%,,,未通过 2 条门槛：质量分 ≥ 60（便宜但烂的公司不买）；PB 处于自身历史分位 ≤ 40%
300760,迈瑞医疗,,观望,157.6,,,75.07,A,24.29,4.9,1.897,15%,7%,119.02,48.43,股息率 ≥ 2%；PE × PB ≤ 50（格雷厄姆门槛）,[预警] ROE 连续 2 个年报下滑,ROE 连续 2 个年报下滑,未通过 2 条门槛：股息率 ≥ 2%；PE × PB ≤ 50（格雷厄姆门槛） ｜ 预警：ROE 连续 2 个年报下滑（实际 35.01→32.54→21.36）
601336,新华保险,金融行业,观望,56.12,,,74.27,A,3.95,1.42,4.865,0%,60%,5.61,48.43,质量分 ≥ 60（便宜但烂的公司不买）；PB 处于自身历史分位 ≤ 40%,,,未通过 2 条门槛：质量分 ≥ 60（便宜但烂的公司不买）；PB 处于自身历史分位 ≤ 40%
300274,阳光电源,电器行业,观望,80.49,,,71.94,B,15.19,3.42,2.833,23%,5%,51.95,48.43,总分 ≥ 72（A 级）；PE × PB ≤ 50（格雷厄姆门槛）,[预警] ROE 连续 2 个年报下滑,ROE 连续 2 个年报下滑,未通过 2 条门槛：总分 ≥ 72（A 级）；PE × PB ≤ 50（格雷厄姆门槛） ｜ 预警：ROE 连续 2 个年报下滑（实际 34.07→29.90→28.88）
600015,华夏银行,金融行业,观望,6.31,,,71.71,B,4.0,0.31,6.656,58%,0%,1.24,48.43,总分 ≥ 72（A 级）；质量分 ≥ 60（便宜但烂的公司不买）；PE 处于自身历史分位 ≤ 40%,[预警] ROE 连续 2 个年报下滑,ROE 连续 2 个年报下滑,未通过 3 条门槛：总分 ≥ 72（A 级）；质量分 ≥ 60（便宜但烂的公司不买）；PE 处于自身历史分位 ≤ 40% ｜ 预警：ROE 连续 2 个年报下滑（实际 8.28→7.65→6.87）
600050,中国联通,电子信息,观望,4.27,,,71.19,B,19.3,0.78,3.829,74%,18%,15.05,48.43,总分 ≥ 72（A 级）；PE 处于自身历史分位 ≤ 40%,,,未通过 2 条门槛：总分 ≥ 72（A 级）；PE 处于自身历史分位 ≤ 40%
600036,招商银行,金融行业,观望,41.71,,,70.96,B,6.93,0.92,4.833,62%,30%,6.38,48.43,总分 ≥ 72（A 级）；PE 处于自身历史分位 ≤ 40%,[预警] ROE 连续 2 个年报下滑,ROE 连续 2 个年报下滑,未通过 2 条门槛：总分 ≥ 72（A 级）；PE 处于自身历史分位 ≤ 40% ｜ 预警：ROE 连续 2 个年报下滑（实际 13.62→12.10→11.80）
600989,宝丰能源,,观望,23.32,,,70.69,B,11.13,3.28,3.911,1%,76%,36.51,48.43,总分 ≥ 72（A 级）；PB 处于自身历史分位 ≤ 40%,,,未通过 2 条门槛：总分 ≥ 72（A 级）；PB 处于自身历史分位 ≤ 40%
600941,中国移动,,观望,97.96,,,70.29,B,16.13,1.55,4.809,60%,43%,25.0,48.43,总分 ≥ 72（A 级）；PE 处于自身历史分位 ≤ 40%；PB 处于自身历史分位 ≤ 40%,,,未通过 3 条门槛：总分 ≥ 72（A 级）；PE 处于自身历史分位 ≤ 40%；PB 处于自身历史分位 ≤ 40%
601600,中国铝业,有色金属,观望,9.02,,,70.2,B,8.85,1.83,2.993,4%,44%,16.2,48.43,总分 ≥ 72（A 级）；PB 处于自身历史分位 ≤ 40%,,,未通过 2 条门槛：总分 ≥ 72（A 级）；PB 处于自身历史分位 ≤ 40%
002311,海大集团,农林牧渔,观望,41.96,,,70.09,B,21.38,2.96,2.979,42%,5%,63.28,48.43,总分 ≥ 72（A 级）；质量分 ≥ 60（便宜但烂的公司不买）；PE 处于自身历史分位 ≤ 40%；PE × PB ≤ 50（格雷厄姆门槛）,,,未通过 4 条门槛：总分 ≥ 72（A 级）；质量分 ≥ 60（便宜但烂的公司不买）；PE 处于自身历史分位 ≤ 40%；PE × PB ≤ 50（格雷厄姆门槛）
600999,招商证券,金融行业,观望,16.86,,,69.98,B,8.24,1.18,3.654,0%,27%,9.72,48.43,总分 ≥ 72（A 级）；质量分 ≥ 60（便宜但烂的公司不买）,,,未通过 2 条门槛：总分 ≥ 72（A 级）；质量分 ≥ 60（便宜但烂的公司不买）
002352,顺丰控股,其它行业,观望,30.77,,,69.69,B,14.44,1.67,2.99,1%,3%,24.11,48.43,总分 ≥ 72（A 级）；质量分 ≥ 60（便宜但烂的公司不买）,,,未通过 2 条门槛：总分 ≥ 72（A 级）；质量分 ≥ 60（便宜但烂的公司不买）
601899,紫金矿业,有色金属,观望,29.37,,,69.57,B,11.54,4.09,2.724,6%,71%,47.2,48.43,总分 ≥ 72（A 级）；PB 处于自身历史分位 ≤ 40%,,,未通过 2 条门槛：总分 ≥ 72（A 级）；PB 处于自身历史分位 ≤ 40%
600926,杭州银行,,观望,17.43,,,69.34,B,6.26,0.9,6.426,54%,63%,5.63,48.43,总分 ≥ 72（A 级）；PE 处于自身历史分位 ≤ 40%；PB 处于自身历史分位 ≤ 40%,,,未通过 3 条门槛：总分 ≥ 72（A 级）；PE 处于自身历史分位 ≤ 40%；PB 处于自身历史分位 ≤ 40%
