industry,score,note,as_of
"电子","96.0","半导体与集成电路列为国家战略首位，大基金与税收优惠持续加码","2026-10-08"
"计算机","92.0","信创、人工智能、数据要素均属国家级战略方向","2026-10-08"
"电力设备","90.0","新能源装机与特高压持续受双碳目标驱动","2026-10-08"
"通信","88.0","5G/6G 与算力网络纳入新型基础设施，运营商资本开支受政策引导","2026-10-08"
"国防军工","87.0","国防预算稳定增长，装备现代化为长期确定方向","2026-10-08"
"机械设备","82.0","高端装备国产替代与工业母机专项支持","2026-10-08"
"汽车","80.0","新能源汽车购置税减免与以旧换新政策延续","2026-10-08"
"有色金属","74.0","新能源金属与战略小金属受资源安全政策支持","2026-10-08"
"医药生物","72.0","创新药审批加速与医保谈判并存，创新受益、仿制承压","2026-10-08"
"家用电器","70.0","以旧换新与家电下乡补贴直接拉动需求","2026-10-08"
"环保","70.0","美丽中国与双碳目标带来持续订单","2026-10-08"
"农林牧渔","68.0","粮食安全与种业振兴为长期政策主线","2026-10-08"
"公用事业","66.0","电力市场化改革与绿电消纳政策受益","2026-10-08"
"社会服务","64.0","文旅消费受促消费政策支持，波动较大","2026-10-08"
"食品饮料","62.0","促消费政策托底，但无专项产业扶持","2026-10-08"
"基础化工","60.0","新材料方向受支持，传统化工受能耗双控约束","2026-10-08"
"交通运输","60.0","物流降本与基建投资受益，政策中性偏支持","2026-10-08"
"商贸零售","58.0","消费刺激政策受益，但行业竞争格局分散","2026-10-08"
"银行","58.0","让利实体与净息差收窄压力，政策以稳定为主","2026-10-08"
"煤炭","56.0","能源保供要求下产量受控，双碳长期压制","2026-10-08"
"非银金融","56.0","资本市场改革利好券商，但监管趋严","2026-10-08"
"石油石化","54.0","能源安全托底，但双碳目标限制长期扩张","2026-10-08"
"纺织服饰","52.0","出口退税与产业转移政策，无显著倾斜","2026-10-08"
"轻工制造","52.0","政策中性","2026-10-08"
"美容护理","50.0","政策中性，主要由消费景气驱动","2026-10-08"
"综合","50.0","无明确行业政策方向","2026-10-08"
"钢铁","48.0","产能置换与超低排放改造带来成本压力，属调控行业","2026-10-08"
"建筑装饰","46.0","地方化债约束基建扩张，政策支持力度下降","2026-10-08"
"建筑材料","44.0","受地产链拖累，政策以稳为主而非扶持","2026-10-08"
"房地产","42.0","政策底已现但基调仍是「房住不炒」，去库存压力未解","2026-10-08"
