date,title,industry,impact,note
2024-04-12,国务院发布新「国九条」,全市场,0.60,资本市场基础制度改革，强化分红与退市
2024-09-24,央行降准降息并创设互换便利与回购增持再贷款,全市场,0.90,标志性政策组合拳，直接为股市提供流动性
2024-09-26,中央政治局会议提出努力提振资本市场,全市场,0.85,定调级别最高的一次资本市场表述
2024-11-15,证监会发布上市公司市值管理指引,全市场,0.50,利好长期破净与低估值央国企
2025-01-08,发改委加力扩围「两新」政策,家用电器,0.65,以旧换新补贴范围与力度扩大
2025-01-08,发改委加力扩围「两新」政策,汽车,0.65,以旧换新补贴范围与力度扩大
2025-02-17,民营企业座谈会召开,全市场,0.60,提振民营企业与科技企业信心
2025-03-05,政府工作报告提出「人工智能+」行动,计算机,0.70,算力、模型与应用端同时受益
2025-03-05,政府工作报告提出「人工智能+」行动,电子,0.65,国产算力芯片与半导体自主可控
2025-03-05,政府工作报告强调培育未来产业与商业航天,国防军工,0.55,新增量方向
2025-05-07,央行宣布降准0.5个百分点并下调政策利率,全市场,0.60,流动性继续宽松
2025-06-18,证监会发布科创板1+6改革措施,全市场,0.70,重启未盈利企业第五套标准并设科创成长层
2025-06-30,《支持创新药高质量发展的若干措施》出台,医药生物,0.75,五方面十六条支持创新药全链条发展
2025-07-01,中央财经委员会第六次会议,全市场,0.55,纵深推进全国统一大市场建设
2025-07-03,工信部召开光伏行业座谈会,电力设备,0.55,综合治理低价无序竞争并退出落后产能
2025-07-15,中央城市工作会议举行,房地产,0.60,城市发展转向存量提质增效
2025-07-28,中办国办印发《育儿补贴制度实施方案》,社会服务,0.50,三周岁前每孩每年补贴3600元
2025-07-30,中央政治局会议部署下半年经济工作,全市场,0.65,宏观政策持续发力并适时加力
2025-08-12,个人消费贷款财政贴息政策实施方案,汽车,0.55,家用汽车等消费贷款年贴息1个百分点
2025-08-26,国务院《关于深入实施人工智能+行动的意见》,计算机,0.85,提出2027年智能体应用普及率超70%
2025-09-05,商务部等9部门扩大服务消费若干政策措施,社会服务,0.60,扩大电信医疗教育开放并设中小学春秋假
2025-09-22,《钢铁行业稳增长工作方案（2025—2026年）》,钢铁,0.50,严禁新增产能并精准调控产量
2025-09-26,《石化化工行业稳增长工作方案（2025—2026年）》,基础化工,0.45,推动行业平稳增长与结构优化（日期来源待核）
2025-10-09,商务部对境外相关稀土物项实施出口管制,有色金属,0.75,含中国成分物项再出口需许可
2025-10-23,二十届四中全会通过十五五规划建议,全市场,0.75,部署十五五现代化产业体系建设
2025-12-01,商业航天司成立,国防军工,0.50,商业航天获专职管理机构支持（媒体来源待核）
2025-12-02,全国统一电力市场评价制度建立,公用事业,0.50,自2026年起开展统一电力市场评价
2025-12-10,2025年国家医保药品目录及商保创新药目录,医药生物,0.55,首版商保创新药目录纳入19个药品（发布日期待核）
2025-12-11,中央经济工作会议部署2026年经济工作,全市场,0.88,明确灵活高效运用降准降息
2025-12-16,证监会党委会议部署资本市场十五五规划,非银金融,0.60,启动实施深化创业板改革
2025-12-18,海南自贸港启动全岛封关运作,商贸零售,0.60,全岛封关带来免税与贸易增量
2026-01-19,央行下调结构性货币政策工具利率,全市场,0.60,再贷款再贴现利率下调0.25个百分点
2026-02-03,2026年中央一号文件发布,农林牧渔,0.65,提出种业振兴与生物育种产业化
2026-02-03,《培育数据流通服务机构加快数据要素市场化价值化的意见》,计算机,0.55,支持数据资产入表与数据跨境流通
2026-03-05,2026年政府工作报告,全市场,0.85,赤字率4%左右并发行1.3万亿元特别国债
2026-03-10,2026年国防支出预算增长6.9%,国防军工,0.60,全国国防支出1.94万亿元
2026-04-17,四部门联合召开光伏行业座谈会,电力设备,0.55,推进产能调控与兼并重组
2026-04-28,中央政治局会议分析研究经济形势,全市场,0.70,全面实施人工智能+行动
2026-05-20,《2026年数字经济发展工作要点》印发,通信,0.45,部署数字经济与算力基础设施建设
2026-05-28,国务院印发《城市更新十五五规划》,建筑装饰,0.60,部署14项重大工程和行动
2026-06-29,国常会听取人工智能发展情况汇报,电子,0.60,加快超大规模智算集群建设
2026-07-30,中央政治局会议部署下半年经济工作,全市场,0.70,加大逆周期调节并出台增量政策
2026-07-31,国常会核准四个核电项目8台机组,公用事业,0.55,总投资超1700亿元
2026-09-28,国常会研究宏观政策发力提效,全市场,0.60,推出增量政策并研究稳定房地产市场
2026-09-30,2500亿元以旧换新资金全部下达,家用电器,0.50,超长期特别国债资金已全部下达
2026-10-08,中央金融机构注资特别国债一期发行,银行,0.60,竞争性招标1500亿元支持国有大行
